OBJECTID,Profile Name,CRA ID,Neighborhood ID,Community Reporting Area Name,Neighborhood Names,Neighborhood District Name,Area Acres,Area Square Miles,Total population,Population under 18,Percent of Population under 18 years,Median Age (years),White alone (Not Hispanic or Latino),Percent White alone (Not Hispanic or Latino),Black or African American alone (Not Hispanic or Latino),Percent Black or African American alone (Not Hispanic or Latino),American Indian and Alaska Native alone (Not Hispanic or Latino),Percent American Indian and Alaska Native alone (Not Hispanic or Latino),Asian alone (Not Hispanic or Latino),Percent Asian alone (Not Hispanic or Latino),Native Hawaiian and Other Pacific Islander alone (Not Hispanic or Latino),Percent Native Hawaiian and Other Pacific Islander alone (Not Hispanic or Latino),Some Other Race alone (Not Hispanic or Latino),Percent Some Other Race alone (Not Hispanic or Latino),Two or More Races (Not Hispanic or Latino),Percent Two or More Races (Not Hispanic or Latino),Hispanic or Latino (of any race),Percent Hispanic or Latino (of any race),Person of Color,Percent of Population of Color,Population in Households,Percent Population in Households,Population in Group Quarters,Percent Population in Group Quarters,Total Households,Family Households (families),Percent Family Households (families),Nonfamily Households,Percent Nonfamily Households,Average Household Size,Total Housing Units,Occupied Housing Units,Percent Occupied Housing Units,Vacant Housing Units,Percent Vacant Housing Units,Owner-occupied housing units,Percent Owner-occupied housing units,Renter-occupied housing units,Percent Renter-occupied housing units,High school graduate (includes equivalency),Bachelor degree,Percent High school graduate or higher,Percent Bachelor degree or higher,Population 5 years and over,Speak language other than English,Percent of Population that speaks language other than English,Speak English less than very well,Percent Speak English less than very well,Median household income (dollars),Percentage of all people whose income in the past 12 months is below poverty,Percentage of all families whose income in the past 12 months is below poverty,Total population for whom poverty status is determined,Population 200% below poverty,Percent of Population 200% below poverty,Housing Unit Value Less than $50,0,Housing Unit Value $50,000 to $99,999,Housing Unit Value $100,000 to $149,999,Housing Unit Value $150,000 to $199,999,Housing Unit Value $200,000 to $299,999,Housing Unit Value $300,000 to $499,999,Housing Unit Value $500,000 to $999,999,Housing Unit Value $1,0,000 or more,Median owner-occupied housing unit value (dollars),Housing units with a mortgage where selected monthly onwer costs a s a percentage of household income can be computed,Selected Monthly Owner Costs as a Percentage of Household Income Less than 20.0 percent,Selected Monthly Owner Costs as a Percentage of Household Income 20.0 to 24.9 percent,Selected Monthly Owner Costs as a Percentage of Household Income 25.0 to 29.9 percent,Selected Monthly Owner Costs as a Percentage of Household Income 30.0 to 34.9 percent,Selected Monthly Owner Costs as a Percentage of Household Income 35.0 percent or more,Housing units with a mortgage where selected monthly onwer costs a s a percentage of household income not computed,Median gross rent (dollars),Occupied units paying rent where gross rent as a percentage of household income can be computed,Gross Rent as a Percentage of Household Income Less than 15.0 percent,Gross Rent as a Percentage of Household Income 15.0 to 19.9 percent,Gross Rent as a Percentage of Household Income 20.0 to 24.9 percent,Gross Rent as a Percentage of Household Income 25.0 to 29.9 percent,Gross Rent as a Percentage of Household Income 30.0 to 34.9 percent,Gross Rent as a Percentage of Household Income 35.0 percent or more,Occupied units paying rent where gross rent as a percentage of household income not computed,Civilian labor force,Civilian labor force employed,Civilian labor force unemployd,Not in labor force,Percent civilian labor force that is unemployed,Household income less than $10,0,Household income $10,000 to $14,999,Household income $15,000 to $24,999,Household income $25,000 to $34,999,Household income $35,000 to $49,999,Household income $50,000 to $74,999,Household income $75,000 to $99,999,Household income $100,000 to $149,999,Household income $150,000 to $199,999,Household income $200,000 or more,Percent of Renter-occupied housing units whose gross rent is 35% or more of household income,Percent of Owner-occupied housing units with a mortgage whose selected monthly costs are 35% or more of household income,Population per Gross Acres,Housing Units per Gross Acres,Households per Gross Acres,x,y
44,ACS 2009-2013 Demographic Profiles Alki Admiral,1.4,1,Alki,"Alki, Admiral",Southwest,898.3,1.4,11502,1872,16.3,44.3,9666,84,291,2.5,11,0.1,534,4.6,0,0,0,0,410,3.6,590,5.1,1836,16,11345,98.6,157,1.4,5759,2652,46,3107,54,1.97,6155,5759,93.6,396,6.4,3084,53.6,2675,46.4,897,3514,97.9,59.6,10862,1561,14.4,339,3.1,80275,6.6,3.4,11421,1589,13.9,67,0,9,16,176,928,1494,394,579700,2223,719,295,205,149,855,16,1172,2642,425,501,509,252,153,802,33,6722,6303,419,3090,6.2,145,221,315,583,685,829,713,1103,465,700,30.36,38.46,12.8,6.85,6.41,,,,,,,,,,,,,,,,,,,,,,,,,,,,,,,,,,,
24,ACS 2009-2013 Demographic Profiles Arbor Heights,1.1,1,Arbor Heights,"Arbor Heights, Brace Point, Endolyne, Arroyo",Southwest,785.9,1.23,6268,1297,20.7,41.2,4977,79.4,30,0.5,94,1.5,317,5.1,95,1.5,14,0.2,429,6.8,312,5,1291,20.6,6253,99.8,15,0.2,2609,1605,61.5,1004,38.5,2.4,2755,2609,94.7,146,5.3,2206,84.6,403,15.4,886,1424,97.2,49,5843,652,11.2,203,3.5,90621,3.8,1.2,6254,691,11,29,0,24,61,414,1109,478,91,391550,1614,569,322,108,213,402,0,1437,364,13,56,32,11,76,176,39,3821,3585,236,1251,6.2,21,10,143,152,339,453,419,489,318,265,48.35,24.91,7.98,3.51,3.32,,,,,,,,,,,,,,,,,,,,,,,,,,,,,,,,,,,
21,ACS 2009-2013 Demographic Profiles Ballard,10.4,10,Adams,"Ballard, West Woodland, Adams",Ballard,492.9,0.77,7425,610,8.2,32.9,5893,79.4,116,1.6,0,0,638,8.6,25,0.3,0,0,185,2.5,568,7.6,1532,20.6,7344,98.9,81,1.1,4381,1397,31.9,2984,68.1,1.68,4688,4381,93.5,307,6.5,864,19.7,3517,80.3,792,2502,96,60.3,7080,1459,20.6,361,5.1,60625,8,2.1,7377,1374,18.6,0,0,14,20,127,540,163,0,391600,682,96,129,111,81,265,0,1147,3314,495,754,345,423,279,1018,203,5445,5166,279,1450,5.1,261,128,285,546,487,1029,528,704,280,133,30.72,38.86,15.06,9.51,8.89,,,,,,,,,,,,,,,,,,,,,,,,,,,,,,,,,,,
8,ACS 2009-2013 Demographic Profiles Beacon Hill,3.5,3,Mid-Beacon Hill,Beacon Hill,Greater Duwamish,841.1,1.31,9526,1754,18.4,39,1848,19.4,1137,11.9,2,0,5468,57.4,0,0,0,0,494,5.2,577,6.1,7678,80.6,9422,98.9,104,1.1,2961,1968,66.5,993,33.5,3.18,3157,2961,93.8,196,6.2,2155,72.8,806,27.2,1120,1923,75,33.2,8757,5352,61.1,3174,36.2,73160,10.6,4.6,9446,2737,29,74,26,0,79,548,1216,169,43,343100,1338,441,252,103,162,380,15,1318,778,206,83,73,92,18,306,28,5379,4988,391,2536,7.3,208,47,238,169,317,569,301,677,254,181,39.33,28.4,11.33,3.75,3.52,,,,,,,,,,,,,,,,,,,,,,,,,,,,,,,,,,,
9,ACS 2009-2013 Demographic Profiles Belltown,13.1,13,Belltown,"Belltown, Denny Regrade",Downtown,176.5,0.28,8455,133,1.6,40.2,5565,65.8,837,9.9,71,0.8,1108,13.1,0,0,75,0.9,302,3.6,497,5.9,2890,34.2,8111,95.9,344,4.1,5947,1249,21,4698,79,1.36,6862,5947,86.7,915,13.3,1530,25.7,4417,74.3,650,2594,95.8,61.5,8359,1666,19.9,473,5.7,56664,20.3,8.1,8307,2618,31.5,10,0,0,117,207,735,324,137,436950,1150,259,204,90,219,378,0,992,4206,698,562,654,873,316,1103,211,5743,5402,341,2539,5.9,958,338,517,243,574,747,810,910,405,445,26.22,32.87,47.9,38.88,33.69,,,,,,,,,,,,,,,,,,,,,,,,,,,,,,,,,,,
36,ACS 2009-2013 Demographic Profiles Broadview Bitter Lake,9.1,9,Broadview,"Broadview, Bitter Lake",Northwest,1478.5,2.31,13725,2009,14.6,45.5,9711,70.8,1244,9.1,88,0.6,1244,9.1,37,0.3,11,0.1,754,5.5,636,4.6,4014,29.2,13302,96.9,423,3.1,6790,2969,43.7,3821,56.3,1.96,7469,6790,90.9,679,9.1,2999,44.2,3791,55.8,1767,3386,93.5,47.8,13148,2897,22,1057,8,68931,17.3,11,13303,4177,31.4,12,0,89,190,360,1314,920,114,409566,2151,726,396,283,238,508,0,1234,3655,246,204,306,420,403,2076,136,7081,6212,869,4940,12.3,667,533,779,927,861,986,592,630,289,526,56.8,23.62,9.28,5.05,4.59,,,,,,,,,,,,,,,,,,,,,,,,,,,,,,,,,,,
1,ACS 2009-2013 Demographic Profiles Capitol Hill,6.2,6,Broadway,"Capitol Hill, Pike/Pine, Broadway, First Hill",East,426.5,0.67,20952,990,4.7,31.8,14838,70.8,1498,7.1,173,0.8,1929,9.2,29,0.1,51,0.2,1009,4.8,1425,6.8,6114,29.2,20762,99.1,190,0.9,14041,2536,18.1,11505,81.9,1.48,14914,14041,94.1,873,5.9,2757,19.6,11284,80.4,1313,6220,97.3,59.1,20358,3929,19.3,1119,5.5,48182,16.2,9.8,20911,6832,32.7,74,0,103,258,824,1081,283,134,316300,2388,644,647,326,230,541,15,1029,10904,1560,1337,1789,1284,1030,3904,380,16905,15896,1009,3062,6,1349,548,1637,1622,2038,2108,1576,2136,476,551,35.8,22.65,49.13,34.97,32.92,,,,,,,,,,,,,,,,,,,,,,,,,,,,,,,,,,,
20,ACS 2009-2013 Demographic Profiles Cascade Eastlake,11.3,11,Eastlake,"South Lake Union, Eastlake, Cascade, Denny Triangle",Lake Union,727.6,1.14,13546,562,4.1,32.8,8946,66,510,3.8,211,1.6,2290,16.9,22,0.2,54,0.4,686,5.1,827,6.1,4600,34,13013,96.1,533,3.9,9243,1732,18.7,7511,81.3,1.41,10545,9243,87.7,1302,12.3,1224,13.2,8019,86.8,817,4461,96,62.1,13224,2557,19.3,643,4.9,62841,16.4,8.8,13340,3587,26.9,12,0,0,19,267,544,276,106,416033,905,208,247,79,96,275,0,1229,7713,1244,1197,929,1043,679,2621,306,10064,9458,606,2951,6,1047,479,641,734,998,1312,1303,1486,619,624,33.98,30.39,18.62,14.49,12.7,,,,,,,,,,,,,,,,,,,,,,,,,,,,,,,,,,,
50,ACS 2009-2013 Demographic Profiles Cedar Park Meadowbrook,8.3,8,Cedar Park,"Cedar Park, Lake City, Meadowbrook, Matthews Beach",North,1210.7,1.89,12859,2422,18.8,40.3,8694,67.6,1027,8,134,1,1475,11.5,29,0.2,17,0.1,440,3.4,1043,8.1,4165,32.4,12717,98.9,142,1.1,5843,2952,50.5,2891,49.5,2.18,6323,5843,92.4,480,7.6,2889,49.4,2954,50.6,1371,2597,92.6,52.8,12185,2978,24.4,1103,9.1,73032,18.6,11.5,12738,3873,30.4,52,0,17,60,306,1520,751,183,444600,2079,763,361,269,164,522,0,1123,2812,272,339,306,441,258,1196,142,7509,6762,747,3152,9.9,652,271,583,442,582,868,766,854,357,468,42.53,25.11,10.62,5.22,4.83,,,,,,,,,,,,,,,,,,,,,,,,,,,,,,,,,,,
41,ACS 2009-2013 Demographic Profiles Central Area Squire Park,5.3,5,Mann,"Central Area, Mann, Minor, Squire Park",Central,849.6,1.33,17911,2524,14.1,33.4,11091,61.9,3007,16.8,90,0.5,1411,7.9,6,0,37,0.2,1027,5.7,1242,6.9,6820,38.1,17435,97.3,476,2.7,8226,3122,38,5104,62,2.12,8800,8226,93.5,574,6.5,3478,42.3,4748,57.7,1459,4870,94.1,59.8,17025,2959,17.4,1043,6.1,67142,13.7,6.7,17725,5373,30.3,40,0,113,75,504,1860,817,69,407775,2840,1075,460,366,317,622,13,1134,4542,503,575,717,753,444,1550,206,12075,11283,792,3556,6.6,491,378,787,692,967,1294,1052,1438,508,619,34.13,21.9,21.08,10.36,9.68,,,,,,,,,,,,,,,,,,,,,,,,,,,,,,,,,,,
11,ACS 2009-2013 Demographic Profiles Columbia City,4.2,4,Columbia City,"Columbia City, Brighton, Mt. Baker, Lakewood, Genesee, Hillman City",Southeast,1310.2,2.05,16365,3146,19.2,39.3,5232,32,4253,26,68,0.4,4479,27.4,342,2.1,15,0.1,885,5.4,1091,6.7,11133,68,16016,97.9,349,2.1,6658,3605,54.1,3053,45.9,2.41,7215,6658,92.3,557,7.7,3330,50,3328,50,2325,2449,80.7,35,15233,6476,42.5,3876,25.4,52746,17.3,15.1,15981,6213,38.9,30,0,0,216,852,1676,460,96,346266,2630,607,522,179,313,1009,21,957,3133,202,379,500,111,290,1651,195,9309,8254,1055,4148,11.3,710,392,808,720,526,1180,958,777,243,344,52.7,38.37,12.49,5.51,5.08,,,,,,,,,,,,,,,,,,,,,,,,,,,,,,,,,,,
4,ACS 2009-2013 Demographic Profiles Downtown Commercial Core,13.2,13,Central Business District,"Downtown Commercial Core, West Edge, Central Business District, Pike Place Market, Pioneer Square",Downtown,206.5,0.32,4260,121,2.8,41.8,2786,65.4,395,9.3,38,0.9,485,11.4,31,0.7,92,2.2,194,4.6,239,5.6,1474,34.6,3431,80.5,829,19.5,2530,646,25.5,1884,74.5,1.36,3166,2530,79.9,636,20.1,498,19.7,2032,80.3,590,934,88.1,52.8,4196,997,23.8,301,7.2,53026,29.1,20,3971,1611,40.6,12,0,0,0,43,179,145,119,534100,331,154,69,0,22,86,18,1307,1993,575,164,165,206,252,631,39,2539,2256,283,1586,11.1,439,269,266,81,178,198,147,255,365,332,31.66,25.98,20.63,15.33,12.25,,,,,,,,,,,,,,,,,,,,,,,,,,,,,,,,,,,
6,ACS 2009-2013 Demographic Profiles Duwamish SODO,3.3,3,Pioneer Square,"Duwamish, SODO, Pioneer Square",Greater Duwamish,2343.5,3.66,2400,210,8.8,39.9,1120,46.7,308,12.8,29,1.2,571,23.8,0,0,0,0,110,4.6,262,10.9,1280,53.3,1875,78.1,525,21.9,952,348,36.6,604,63.4,1.97,1079,952,88.2,127,11.8,498,52.3,454,47.7,365,530,84.2,44.1,2360,699,29.6,424,18,60065,26.3,4.6,2352,833,35.4,17,0,5,54,100,253,69,0,346500,342,97,75,52,27,91,0,966,403,34,13,86,26,45,199,51,1435,1308,127,742,8.9,85,15,59,80,145,215,133,148,46,26,49.38,26.61,1.02,0.46,0.41,,,,,,,,,,,,,,,,,,,,,,,,,,,,,,,,,,,
33,ACS 2009-2013 Demographic Profiles Fauntleroy Seaview,1.2,1,Fauntleroy,"Fauntleroy, Gatewood, Morgan Junction, Lincoln Park, Seaview, Fairmount Park",Southwest,1393.1,2.18,14315,2541,17.8,42.2,11710,81.8,195,1.4,44,0.3,912,6.4,0,0,15,0.1,681,4.8,758,5.3,2605,18.2,14184,99.1,131,0.9,6480,3410,52.6,3070,47.4,2.19,6913,6480,93.7,433,6.3,4413,68.1,2067,31.9,1310,4034,97.4,56.2,13444,1540,11.5,305,2.3,93187,6.5,1.8,14196,2230,15.7,35,25,39,40,272,2398,1334,270,445450,3292,1184,494,434,379,801,11,1158,1954,289,368,323,219,111,644,113,8844,8445,399,3092,4.5,198,178,287,502,709,891,716,1336,727,936,32.96,24.33,10.28,4.96,4.65,,,,,,,,,,,,,,,,,,,,,,,,,,,,,,,,,,,
46,ACS 2009-2013 Demographic Profiles First Hill,6.1,6,First Hill,"First Hill, Yesler Terrace, Squire Park",East,440.9,0.69,15165,553,3.6,34.8,9011,59.4,1508,9.9,256,1.7,2270,15,46,0.3,60,0.4,627,4.1,1387,9.1,6154,40.6,11643,76.8,3522,23.2,7837,1603,20.5,6234,79.5,1.49,8647,7837,90.6,810,9.4,1152,14.7,6685,85.3,1724,3339,88.1,46.8,14937,3936,26.4,1840,12.3,38994,26.2,19.8,11919,5091,42.7,0,7,56,112,287,393,210,87,342650,726,297,71,44,60,254,0,1033,6381,651,816,670,895,467,2882,304,8378,7742,636,6329,7.6,1266,785,908,712,1050,1213,763,586,229,325,45.17,34.99,34.4,19.61,17.78,,,,,,,,,,,,,,,,,,,,,,,,,,,,,,,,,,,
35,ACS 2009-2013 Demographic Profiles Fremont,11.1,11,Fremont,"Fremont, Wallingford, Northlake",Lake Union,893.6,1.4,16123,1657,10.3,32.4,13156,81.6,225,1.4,43,0.3,1105,6.9,0,0,16,0.1,772,4.8,806,5,2967,18.4,15968,99,155,1,8516,2913,34.2,5603,65.8,1.88,8868,8516,96,352,4,3192,37.5,5324,62.5,647,6406,98.9,75.5,15461,1787,11.6,249,1.6,73414,8.2,2.9,16063,2707,16.9,51,15,17,66,402,1165,1441,35,481000,2596,938,373,399,277,609,0,1197,5239,474,917,1060,842,719,1227,85,12363,11754,609,2133,4.9,239,135,366,584,1474,1768,1120,1479,869,482,23.42,23.46,18.04,9.92,9.53,,,,,,,,,,,,,,,,,,,,,,,,,,,,,,,,,,,
31,ACS 2009-2013 Demographic Profiles Georgetown,3.2,3,Georgetown,Georgetown,Greater Duwamish,1183.9,1.85,1131,112,9.9,38.1,744,65.8,22,1.9,22,1.9,124,11,0,0,0,0,28,2.5,191,16.9,387,34.2,1088,96.2,43,3.8,621,201,32.4,420,67.6,1.75,668,621,93,47,7,280,45.1,341,54.9,79,225,84.7,31.8,1116,283,25.4,176,15.8,47734,15.2,0,1131,299,26.4,0,9,11,0,158,88,14,0,280600,224,43,7,42,28,104,0,788,326,25,57,81,0,35,128,15,834,801,33,202,4,26,46,74,105,103,95,105,50,17,0,39.26,46.43,0.96,0.56,0.52,,,,,,,,,,,,,,,,,,,,,,,,,,,,,,,,,,,
43,ACS 2009-2013 Demographic Profiles Green Lake,9.4,9,Green Lake,"Green Lake, Meridian, Roosevelt, Woodland Park",Northwest,1330,2.08,14466,2013,13.9,34.6,11745,81.2,130,0.9,1,0,1248,8.6,0,0,15,0.1,516,3.6,811,5.6,2721,18.8,14414,99.6,52,0.4,6851,2895,42.3,3956,57.7,2.1,7163,6851,95.6,312,4.4,3476,50.7,3375,49.3,761,4786,98,74.2,13716,1947,14.2,368,2.7,90263,7.9,3.5,14416,2260,15.7,12,24,9,14,253,1346,1714,104,524366,2659,1001,395,244,290,729,0,1330,3250,563,534,365,381,412,995,125,9950,9476,474,2691,4.8,290,145,274,615,680,1246,618,1371,717,895,30.62,27.42,10.88,5.39,5.15,,,,,,,,,,,,,,,,,,,,,,,,,,,,,,,,,,,
3,ACS 2009-2013 Demographic Profiles Greenwood Phinney Ridge,9.3,9,Greenwood,"Greenwood, Phinney Ridge, Woodland Park, Crown Hill",Northwest,1533.9,2.4,23965,3931,16.4,37.4,18922,79,400,1.7,210,0.9,1789,7.5,11,0,61,0.3,1285,5.4,1287,5.4,5043,21,23685,98.8,280,1.2,10890,5389,49.5,5501,50.5,2.17,11724,10890,92.9,834,7.1,6178,56.7,4712,43.3,1855,7053,96.4,62.8,22651,2631,11.6,825,3.6,81329,6.7,3.1,23761,3813,16,89,31,40,181,537,3299,1942,59,441566,4743,1532,943,675,461,1132,0,1148,4567,757,735,681,587,462,1345,145,16091,15115,976,4189,6.1,346,346,655,870,1206,1677,1721,2315,911,843,29.45,23.87,15.62,7.64,7.1,,,,,,,,,,,,,,,,,,,,,,,,,,,,,,,,,,,
47,ACS 2009-2013 Demographic Profiles Haller Lake,9.5,9,Haller Lake,"Haller Lake, Pinehurst",Northwest,1247.6,1.95,9746,1683,17.3,39.4,6520,66.9,395,4.1,105,1.1,1338,13.7,169,1.7,0,0,374,3.8,845,8.7,3226,33.1,9609,98.6,137,1.4,4448,2382,53.6,2066,46.4,2.16,4732,4448,94,284,6,2512,56.5,1936,43.5,1423,2117,94.5,41.5,9262,2265,24.5,921,9.9,62122,10.3,6.2,9723,2432,25,144,95,33,54,568,1418,186,14,333950,1831,454,244,324,201,608,0,1222,1866,225,325,279,225,61,751,70,5860,5421,439,2267,7.5,253,218,274,306,740,882,615,692,282,186,40.25,33.21,7.81,3.79,3.57,,,,,,,,,,,,,,,,,,,,,,,,,,,,,,,,,,,
25,ACS 2009-2013 Demographic Profiles High Point,2.2,2,High Point,"High Point, Delridge",Delridge Neighborhoods,553.2,0.86,6816,1566,23,31.5,2802,41.1,2558,37.5,0,0,927,13.6,47,0.7,7,0.1,252,3.7,223,3.3,4014,58.9,6763,99.2,53,0.8,2758,1647,59.7,1111,40.3,2.45,2997,2758,92,239,8,1081,39.2,1677,60.8,863,1040,83.9,32.3,6167,2234,36.2,1057,17.1,45455,33.5,26.3,6767,3312,48.9,7,9,10,42,492,490,31,0,304900,979,287,230,161,76,225,0,877,1555,161,80,200,92,142,880,122,3606,3150,456,1709,12.6,404,174,374,247,237,381,372,178,226,165,56.59,22.98,12.32,5.42,4.99,,,,,,,,,,,,,,,,,,,,,,,,,,,,,,,,,,,
15,ACS 2009-2013 Demographic Profiles Highland Park,2.5,2,Highland Park,"Highland Park, Westwood, White Center, South Delridge",Delridge Neighborhoods,897.7,1.4,6234,1226,19.7,39.9,3131,50.2,338,5.4,50,0.8,1778,28.5,121,1.9,0,0,377,6,439,7,3103,49.8,6207,99.6,27,0.4,2714,1303,48,1411,52,2.29,3025,2714,89.7,311,10.3,1397,51.5,1317,48.5,838,1185,88.8,31.3,5754,1784,31,722,12.5,53182,9.9,3,6222,1871,30.1,0,0,64,210,573,539,11,0,280100,1218,319,203,249,104,343,0,977,1282,77,68,106,38,83,910,35,3492,3339,153,1732,4.4,250,183,308,338,251,476,317,363,121,107,70.98,28.16,6.94,3.37,3.02,,,,,,,,,,,,,,,,,,,,,,,,,,,,,,,,,,,
16,ACS 2009-2013 Demographic Profiles Interbay,12.2,12,Interbay,Interbay,Magnolia/Queen Anne,1214.6,1.9,10550,1306,12.4,35.6,8276,78.4,587,5.6,56,0.5,737,7,0,0,10,0.1,384,3.6,500,4.7,2274,21.6,10234,97,316,3,5277,2033,38.5,3244,61.5,1.94,5599,5277,94.2,322,5.8,2216,42,3061,58,913,3410,97.6,60.4,10031,1892,18.9,505,5,64937,6.5,1.4,10233,1683,16.4,17,41,83,173,412,587,895,8,425900,1653,509,270,210,143,521,0,1158,3012,292,355,580,508,459,818,49,7382,6835,547,1681,7.4,221,125,209,480,795,1314,675,824,242,392,27.16,31.52,8.69,4.61,4.34,,,,,,,,,,,,,,,,,,,,,,,,,,,,,,,,,,,
17,ACS 2009-2013 Demographic Profiles Judkins Park,5.2,5,Judkins Park,"Judkins Park, Central Area, Little Saigon, Atlantic",Central,202.9,0.32,3048,320,10.5,38.3,1005,33,547,17.9,9,0.3,1079,35.4,0,0,0,0,266,8.7,142,4.7,2043,67,2851,93.5,197,6.5,1653,478,28.9,1175,71.1,1.72,1723,1653,95.9,70,4.1,492,29.8,1161,70.2,375,699,84,45,2877,1210,42.1,663,23,45239,23,11.7,2928,1115,38.1,0,0,0,46,190,220,36,0,305600,416,74,65,94,75,108,0,942,1132,29,170,144,214,96,479,29,1696,1587,109,1034,6.4,313,106,144,103,233,334,212,169,39,0,42.31,25.96,15.02,8.49,8.15,,,,,,,,,,,,,,,,,,,,,,,,,,,,,,,,,,,
10,ACS 2009-2013 Demographic Profiles Laurelhurst Sand Point,7.5,7,Laurelhurst,"Laurelhurst, Windermere, Sand Point, Hawthorne Hills, Magnuson Park",Northeast,1403.7,2.19,11063,2754,24.9,38.2,8883,80.3,249,2.3,29,0.3,1212,11,0,0,10,0.1,477,4.3,203,1.8,2180,19.7,10874,98.3,189,1.7,4409,2735,62,1674,38,2.47,4595,4409,96,186,4,2788,63.2,1621,36.8,416,2667,98.6,79,10351,1838,17.8,521,5,96929,12.1,6.2,11004,2083,18.9,29,14,23,122,178,210,1246,966,737850,2039,762,376,166,190,545,0,1243,1433,256,265,107,171,136,498,188,5707,5379,328,2824,5.7,340,84,312,289,252,528,346,577,433,1248,34.75,26.73,7.88,3.27,3.14,,,,,,,,,,,,,,,,,,,,,,,,,,,,,,,,,,,
45,ACS 2009-2013 Demographic Profiles Licton Springs,9.2,9,Licton Springs,Licton Springs,Northwest,524.6,0.82,9682,1228,12.7,31.9,6062,62.6,231,2.4,8,0.1,1492,15.4,31,0.3,0,0,622,6.4,1236,12.8,3620,37.4,9598,99.1,84,0.9,4388,1990,45.4,2398,54.6,2.19,4563,4388,96.2,175,3.8,2120,48.3,2268,51.7,859,2412,92.6,54.7,8972,2317,25.8,1059,11.8,72214,12.9,6.5,9610,2550,26.5,0,0,64,217,392,1287,160,0,337100,1852,672,373,252,129,426,26,1092,2190,246,511,376,145,185,727,78,6960,6489,471,1526,6.8,271,85,301,401,425,817,642,963,309,174,33.2,23,18.46,8.7,8.36,,,,,,,,,,,,,,,,,,,,,,,,,,,,,,,,,,,
13,ACS 2009-2013 Demographic Profiles Madison Park,6.5,6,Madison Park,"Madison Park, Broadmoor, Washington Park, Harrison/Denny-Blaine",East,558.6,0.87,5127,845,16.5,46.1,4457,86.9,24,0.5,0,0,294,5.7,0,0,0,0,132,2.6,220,4.3,670,13.1,5090,99.3,37,0.7,2606,1337,51.3,1269,48.7,1.95,2860,2606,91.1,254,8.9,1511,58,1095,42,147,1609,99.1,77.8,4976,673,13.5,144,2.9,106908,4.7,3.1,5105,485,9.5,0,16,0,18,81,156,529,711,973800,910,197,216,148,39,310,16,1461,1081,197,214,153,154,39,324,14,2765,2572,193,1609,7,122,17,93,154,202,377,268,454,302,617,29.97,34.07,9.18,5.12,4.67,,,,,,,,,,,,,,,,,,,,,,,,,,,,,,,,,,,
34,ACS 2009-2013 Demographic Profiles Madrona Leschi,5.1,5,Madrona,"Madrona, Leschi, Harrison/Denny-Blaine",Central,827,1.29,10145,2040,20.1,40.3,6149,60.6,1943,19.2,34,0.3,687,6.8,0,0,82,0.8,762,7.5,488,4.8,3996,39.4,9928,97.9,217,2.1,4223,2545,60.3,1678,39.7,2.35,4533,4223,93.2,310,6.8,2893,68.5,1330,31.5,638,2519,96.5,71.3,9472,1255,13.2,179,1.9,111906,7.3,6.4,9955,1854,18.6,22,0,42,60,161,770,1084,754,607700,2227,753,308,274,215,677,0,1175,1311,246,131,205,120,169,440,19,5681,5394,287,2590,5.1,168,127,225,383,230,517,455,671,390,1057,33.56,30.4,12.27,5.48,5.11,,,,,,,,,,,,,,,,,,,,,,,,,,,,,,,,,,,
2,ACS 2009-2013 Demographic Profiles Magnolia,12.1,12,Lawton Park,"Magnolia, Discovery Park, Briarcliff, Lawton Park",Magnolia/Queen Anne,1968.4,3.08,12652,2887,22.8,44.1,11082,87.6,37,0.3,50,0.4,710,5.6,24,0.2,0,0,429,3.4,320,2.5,1570,12.4,12634,99.9,18,0.1,5429,3483,64.2,1946,35.8,2.33,5748,5429,94.5,319,5.5,4207,77.5,1222,22.5,442,3919,97.8,72.7,11863,1488,12.5,272,2.3,113457,3.4,1.3,12639,1443,11.4,18,26,13,0,102,881,2309,858,648700,3166,1095,593,280,190,1008,0,1228,1097,84,103,284,161,73,392,125,6808,6481,327,3156,4.8,163,68,177,310,494,703,616,920,676,1302,35.73,31.84,6.43,2.92,2.76,,,,,,,,,,,,,,,,,,,,,,,,,,,,,,,,,,,
32,ACS 2009-2013 Demographic Profiles Miller Park,6.4,6,Stevens,"Madison-Miller, Miller Park, Capitol Hill, Stevens",East,364.2,0.57,7160,1243,17.4,36.2,5579,77.9,362,5.1,18,0.3,457,6.4,0,0,9,0.1,319,4.5,416,5.8,1581,22.1,7048,98.4,112,1.6,3185,1403,44.1,1782,55.9,2.21,3290,3185,96.8,105,3.2,1594,50,1591,50,252,2055,98,75.9,6759,660,9.8,132,2,102227,8.7,2.4,7092,1231,17.4,8,7,19,28,68,412,720,332,630450,1192,479,191,181,128,213,0,1298,1553,198,257,209,373,169,347,38,4703,4415,288,1311,6.1,111,94,58,231,370,556,256,614,409,486,22.34,17.87,19.66,9.03,8.75,,,,,,,,,,,,,,,,,,,,,,,,,,,,,,,,,,,
29,ACS 2009-2013 Demographic Profiles Montlake Portage Bay,7.1,7,Montlake,"Montlake, Portage Bay, Interlaken Park, Eastlake, Roanoke Park, Washington Park",Northeast,951.1,1.49,9226,1071,11.6,36.7,7930,86,203,2.2,12,0.1,398,4.3,0,0,0,0,355,3.8,328,3.6,1296,14,9172,99.4,54,0.6,4653,2023,43.5,2630,56.5,1.97,4732,4653,98.3,79,1.7,2354,50.6,2299,49.4,413,3134,99.2,81.1,8884,763,8.6,172,1.9,93805,5.4,2.2,9168,1321,14.4,21,0,13,23,188,306,1464,339,698550,1582,481,276,173,216,436,0,1311,2157,186,483,335,244,166,743,142,6552,6343,209,1711,3.2,98,60,206,234,634,1008,535,752,336,790,34.45,27.56,9.7,4.98,4.89,,,,,,,,,,,,,,,,,,,,,,,,,,,,,,,,,,,
5,ACS 2009-2013 Demographic Profiles Mt Baker North Rainier,4.4,4,Mount Baker,"Mt. Baker, North Rainier, Atlantic",Southeast,629.9,0.98,5745,1162,20.2,43.3,3418,59.5,882,15.4,35,0.6,762,13.3,0,0,0,0,357,6.2,291,5.1,2327,40.5,5720,99.6,25,0.4,2452,1361,55.5,1091,44.5,2.33,2614,2452,93.8,162,6.2,1666,67.9,786,32.1,551,1217,90.8,61,5446,1276,23.4,595,10.9,94840,14.1,7.1,5742,1650,28.7,56,0,0,22,174,551,787,76,516100,1253,554,112,201,95,291,0,825,760,157,92,53,136,44,278,26,3261,3017,244,1442,7.5,158,28,215,166,262,208,263,333,324,495,36.58,23.22,9.12,4.15,3.89,,,,,,,,,,,,,,,,,,,,,,,,,,,,,,,,,,,
27,ACS 2009-2013 Demographic Profiles North Beach Blue Ridge,10.1,10,North Beach/Blue Ridge,"Crown Hill, North Beach, Blue Ridge",Ballard,1284.4,2.01,11659,2281,19.6,42.1,9851,84.5,19,0.2,33,0.3,495,4.2,53,0.5,0,0,487,4.2,721,6.2,1808,15.5,11564,99.2,95,0.8,5015,3063,61.1,1952,38.9,2.31,5242,5015,95.7,227,4.3,3489,69.6,1526,30.4,1005,2999,95.1,58,10986,1387,12.6,396,3.6,82988,5.8,2.1,11625,1762,15.2,23,25,9,64,277,1508,1382,201,508600,2493,687,414,309,358,725,33,1270,1504,141,206,364,183,113,497,22,7231,6741,490,2443,6.8,130,86,276,355,472,1022,702,1036,501,435,33.05,29.08,9.08,4.08,3.9,,,,,,,,,,,,,,,,,,,,,,,,,,,,,,,,,,,
48,ACS 2009-2013 Demographic Profiles North Beacon Hill Jefferson Park,3.6,3,North Beacon Hill,"North Beacon Hill, Jefferson Park",Greater Duwamish,1232,1.92,14177,2730,19.3,36.3,4666,32.9,1682,11.9,20,0.1,5328,37.6,89,0.6,0,0,705,5,1687,11.9,9511,67.1,13971,98.5,206,1.5,5691,3260,57.3,2431,42.7,2.45,6212,5691,91.6,521,8.4,2651,46.6,3040,53.4,1937,2624,79.9,37.4,13042,6410,49.1,3893,29.8,52665,14.1,11,14079,5103,36.2,86,0,38,54,628,1593,193,59,346400,1957,478,394,288,341,456,0,858,2883,282,316,483,502,303,997,157,8483,7894,589,3112,6.9,565,331,450,529,876,1142,429,913,291,165,34.58,23.3,11.51,5.04,4.62,,,,,,,,,,,,,,,,,,,,,,,,,,,,,,,,,,,
40,ACS 2009-2013 Demographic Profiles North Capitol Hill,6.3,6,Portage Bay,"North Capitol Hill, Capitol Hill, North Broadway",East,283.7,0.44,4032,396,9.8,39.8,3388,84,17,0.4,97,2.4,284,7,0,0,0,0,0,0,246,6.1,644,16,4022,99.8,10,0.2,2345,805,34.3,1540,65.7,1.72,2429,2345,96.5,84,3.5,1069,45.6,1276,54.4,143,1246,98.5,73.6,3858,239,6.2,52,1.3,83839,6.9,4.1,4032,534,13.2,13,0,0,0,115,288,322,331,673200,702,261,77,61,112,191,0,1189,1263,194,257,247,95,116,354,13,2915,2732,183,737,6.3,55,84,116,126,286,356,372,325,241,384,28.03,27.21,14.21,8.56,8.27,,,,,,,,,,,,,,,,,,,,,,,,,,,,,,,,,,,
7,ACS 2009-2013 Demographic Profiles North Delridge,2.1,2,North Delridge,"North Delridge, Pigeon Point, Avalon, Luna Park, Harbor Island",Delridge Neighborhoods,1606.9,2.51,4751,654,13.8,36.5,3238,68.2,429,9,0,0,520,10.9,0,0,0,0,219,4.6,345,7.3,1513,31.8,4730,99.6,21,0.4,2436,1036,42.5,1400,57.5,1.94,2600,2436,93.7,164,6.3,1377,56.5,1059,43.5,344,1690,92.2,60,4428,822,18.6,337,7.6,66250,10.3,5.3,4751,1002,21.1,48,31,15,134,410,484,255,0,317200,1165,287,175,222,75,406,0,1132,1012,126,285,143,55,83,320,47,3343,2989,354,809,10.6,135,69,218,97,382,467,341,320,258,149,31.62,34.85,2.96,1.62,1.52,,,,,,,,,,,,,,,,,,,,,,,,,,,,,,,,,,,
52,ACS 2009-2013 Demographic Profiles Northgate Maple Leaf,8.1,8,Maple Leaf,"Maple Leaf, Northgate, Pinehurst",North,1146.5,1.79,14020,2002,14.3,37.5,9395,67,547,3.9,184,1.3,2295,16.4,117,0.8,33,0.2,490,3.5,959,6.8,4625,33,13857,98.8,163,1.2,7232,2942,40.7,4290,59.3,1.92,7614,7232,95,382,5,2813,38.9,4419,61.1,1353,3188,92.6,51.3,13417,3608,26.9,1377,10.3,56433,15.6,7.9,13967,4164,29.8,77,44,81,285,407,1341,578,0,344066,1962,571,370,260,129,632,18,1143,4071,369,411,388,486,486,1931,348,8647,7809,838,3559,9.7,823,304,868,711,1064,1135,718,857,406,346,47.43,32.21,12.23,6.64,6.31,,,,,,,,,,,,,,,,,,,,,,,,,,,,,,,,,,,
18,ACS 2009-2013 Demographic Profiles Olympic Hills Victory Heights,8.2,8,Olympic Hills,"Lake City, Victory Heights, Olympic Hills, Pinehurst, Jackson Park",North,1393.5,2.18,14376,2133,14.8,38.8,9363,65.1,730,5.1,6,0,2556,17.8,71,0.5,31,0.2,710,4.9,909,6.3,5013,34.9,14270,99.3,106,0.7,6774,3546,52.3,3228,47.7,2.11,7174,6774,94.4,400,5.6,3498,51.6,3276,48.4,1670,3490,91.6,50.7,13580,3372,24.8,1726,12.7,61659,11.2,7.7,14344,3457,24.1,33,17,45,219,713,2203,268,0,359266,2389,714,390,305,251,729,15,992,2928,378,340,331,325,260,1294,348,8836,8247,589,3542,6.7,498,292,724,708,865,1224,744,1044,396,279,44.19,30.51,10.32,5.15,4.86,,,,,,,,,,,,,,,,,,,,,,,,,,,,,,,,,,,
22,ACS 2009-2013 Demographic Profiles Pioneer Square International District,13.3,13,International District,"Pioneer Square, International District, Chinatown, Little Saigon, ID, Chinatown-International District",Downtown,180.6,0.28,5139,576,11.2,46.8,1831,35.6,833,16.2,53,1,2148,41.8,9,0.2,0,0,136,2.6,129,2.5,3308,64.4,4853,94.4,286,5.6,3042,713,23.4,2329,76.6,1.6,3310,3042,91.9,268,8.1,135,4.4,2907,95.6,528,872,68.2,29.5,4913,2454,49.9,1806,36.8,20812,40.6,36.9,5130,3204,62.5,0,0,25,32,15,39,6,18,294400,83,19,0,24,0,40,9,599,2803,263,240,381,608,362,949,104,2554,2279,275,2071,10.8,921,372,362,360,299,258,212,173,36,49,33.86,48.19,28.46,18.33,16.84,,,,,,,,,,,,,,,,,,,,,,,,,,,,,,,,,,,
30,ACS 2009-2013 Demographic Profiles Queen Anne,12.3,12,Westlake,"Queen Anne, Lower Queen Anne, Uptown, Seattle Center, Westlake",Magnolia/Queen Anne,1888.4,2.95,37283,4048,10.9,34.3,30179,80.9,943,2.5,147,0.4,2832,7.6,6,0,100,0.3,1302,3.5,1774,4.8,7104,19.1,35004,93.9,2279,6.1,19354,6787,35.1,12567,64.9,1.81,21170,19354,91.4,1816,8.6,7687,39.7,11667,60.3,1848,11268,98.3,70.1,35982,3743,10.4,829,2.3,78403,9.1,2.3,35338,6735,19.1,49,51,143,225,867,2033,3251,1068,533457,6066,2230,919,744,456,1717,10,1234,11403,2037,1653,2008,1436,1014,3255,264,25953,24536,1417,7498,5.5,868,552,1175,1384,2145,3490,2959,3001,1416,2364,28.55,28.31,19.74,11.21,10.25,,,,,,,,,,,,,,,,,,,,,,,,,,,,,,,,,,,
51,ACS 2009-2013 Demographic Profiles Rainier Beach,4.1,4,Rainier Beach,"Rainier Beach, Rainier View, Lake Ridge, Dunlap",Southeast,1363.1,2.13,15336,3906,25.5,36.6,3595,23.4,4404,28.7,68,0.4,4298,28,241,1.6,0,0,593,3.9,2137,13.9,11741,76.6,15200,99.1,136,0.9,5395,3588,66.5,1807,33.5,2.82,5642,5395,95.6,247,4.4,3094,57.3,2301,42.7,2264,2049,80.5,28.7,14295,5935,41.5,2995,21,51795,27.5,22.8,15257,7210,47.3,50,14,109,329,1099,1110,350,33,305800,2481,601,393,335,147,1005,12,1066,2068,155,242,154,183,65,1269,233,7562,6759,803,4186,10.6,676,218,578,602,496,946,727,762,162,228,61.36,40.51,11.25,4.14,3.96,,,,,,,,,,,,,,,,,,,,,,,,,,,,,,,,,,,
19,ACS 2009-2013 Demographic Profiles Ravenna Bryant,7.3,7,Ravenna,"Ravenna, Bryant, Roosevelt, View Ridge, Hawthorne Hills, Windermere, University District",Northeast,1635.1,2.55,25113,4264,17,33.7,19834,79,568,2.3,35,0.1,2439,9.7,94,0.4,24,0.1,1348,5.4,771,3.1,5279,21,24192,96.3,921,3.7,10046,5076,50.5,4970,49.5,2.41,10738,10046,93.6,692,6.4,6116,60.9,3930,39.1,1290,6270,98.6,75.2,23384,3671,15.7,979,4.2,76891,15.2,2.9,24250,6359,26.2,52,51,0,61,187,2248,3439,78,512650,4607,1980,789,607,269,962,15,1214,3635,267,266,333,364,304,2101,295,15073,14214,859,6081,5.7,796,266,759,579,1043,1284,1132,1609,988,1590,57.8,20.88,15.36,6.57,6.14,,,,,,,,,,,,,,,,,,,,,,,,,,,,,,,,,,,
42,ACS 2009-2013 Demographic Profiles Riverview,2.3,2,Riverview,"Riverview, Delridge",Delridge Neighborhoods,1005.9,1.57,4706,1014,21.5,36.3,2350,49.9,504,10.7,73,1.6,1069,22.7,38,0.8,0,0,371,7.9,301,6.4,2356,50.1,4689,99.6,17,0.4,1703,1053,61.8,650,38.2,2.75,1766,1703,96.4,63,3.6,1078,63.3,625,36.7,703,682,89.3,29.8,4386,1142,26,500,11.4,69468,13.4,10.4,4692,1479,31.5,16,11,0,158,442,437,14,0,285100,857,214,135,83,118,307,0,1442,607,70,67,52,68,80,270,18,2976,2689,287,829,9.6,54,102,110,89,259,321,294,248,130,96,44.48,35.82,4.68,1.76,1.69,,,,,,,,,,,,,,,,,,,,,,,,,,,,,,,,,,,
26,ACS 2009-2013 Demographic Profiles Roxhill Westwood,2.4,2,Roxhill,"Roxhill, Westwood, South Delridge, White Center",Delridge Neighborhoods,978.5,1.53,12372,2430,19.6,37.4,6633,53.6,1131,9.1,92,0.7,1444,11.7,171,1.4,26,0.2,462,3.7,2413,19.5,5739,46.4,12372,100,0,0,5445,2896,53.2,2549,46.8,2.27,5762,5445,94.5,317,5.5,2890,53.1,2555,46.9,1630,2416,88.5,37.6,11538,3771,32.7,1746,15.1,61958,14.6,11.4,12363,3471,28.1,83,51,30,201,985,1391,149,0,296666,2191,541,344,325,251,730,0,1015,2470,337,302,518,156,135,1022,85,7477,6786,691,2776,9.2,288,226,476,484,679,1359,862,724,223,124,41.38,33.32,12.64,5.89,5.56,,,,,,,,,,,,,,,,,,,,,,,,,,,,,,,,,,,
37,ACS 2009-2013 Demographic Profiles Seward Park,4.3,4,Seward Park,"Seward Park, Hillman City",Southeast,1010.6,1.58,8995,1848,20.5,39.7,4524,50.3,1299,14.4,13,0.1,1963,21.8,23,0.3,21,0.2,527,5.9,625,6.9,4471,49.7,8734,97.1,261,2.9,3341,2163,64.7,1178,35.3,2.61,3593,3341,93,252,7,2528,75.7,813,24.3,1069,1699,91.1,50.2,8356,2623,31.4,975,11.7,79857,9.8,6.4,8824,2120,24,15,0,0,66,346,1148,845,108,429500,1921,584,407,270,118,542,0,1073,794,70,127,137,57,64,339,19,4954,4663,291,2338,5.9,194,88,132,218,364,533,564,609,355,284,42.7,28.21,8.9,3.56,3.31,,,,,,,,,,,,,,,,,,,,,,,,,,,,,,,,,,,
14,ACS 2009-2013 Demographic Profiles South Beacon Hill New Holly,3.4,3,South Beacon Hill,"South Beacon Hill, NewHolly, Holly Park",Greater Duwamish,1549.5,2.42,15403,4460,29,33.8,1557,10.1,4985,32.4,91,0.6,7298,47.4,164,1.1,0,0,536,3.5,772,5,13846,89.9,15248,99,155,1,4573,3356,73.4,1217,26.6,3.33,4752,4573,96.2,179,3.8,2322,50.8,2251,49.2,2537,1610,71,23.8,14241,9751,68.5,5891,41.4,41121,25.3,21.3,15365,7156,46.6,17,12,56,90,956,1088,70,33,304833,1580,214,317,201,133,715,34,891,2044,125,128,91,261,289,1150,207,7384,6476,908,3855,12.3,543,396,448,577,747,696,510,435,161,60,56.26,45.25,9.94,3.07,2.95,,,,,,,,,,,,,,,,,,,,,,,,,,,,,,,,,,,
53,ACS 2009-2013 Demographic Profiles South Park,3.1,3,South Park,South Park,Greater Duwamish,693.9,1.08,4745,1490,31.4,31.4,1245,26.2,204,4.3,31,0.7,562,11.8,266,5.6,0,0,238,5,2199,46.3,3500,73.8,4653,98.1,92,1.9,1382,845,61.1,537,38.9,3.37,1455,1382,95,73,5,615,44.5,767,55.5,625,317,71.2,18.8,4283,2315,54.1,1297,30.3,43295,28.3,23.8,4580,2178,47.6,13,6,11,175,285,125,0,0,240700,441,94,49,54,33,211,0,895,731,108,95,44,45,88,351,36,2434,2163,271,918,11.1,127,166,138,155,218,238,124,120,44,52,48.02,47.85,6.84,2.1,1.99,,,,,,,,,,,,,,,,,,,,,,,,,,,,,,,,,,,
39,ACS 2009-2013 Demographic Profiles Sunset Hill Loyal Heights,10.3,10,Sunset Hill,"Sunset Hill, Golden Gardens, Loyal Heights, Shilshole",Ballard,1035.4,1.62,13915,2316,16.6,40.4,12039,86.5,43,0.3,44,0.3,631,4.5,25,0.2,15,0.1,419,3,699,5,1876,13.5,13863,99.6,52,0.4,6490,3211,49.5,3279,50.5,2.14,6866,6490,94.5,376,5.5,3902,60.1,2588,39.9,933,4292,97.7,66.5,12961,1431,11,363,2.8,80794,8.4,5.7,13895,2281,16.4,58,13,19,0,256,1677,1761,118,501700,2708,836,641,408,179,644,16,1127,2543,115,236,560,453,386,793,45,9068,8539,529,2637,5.8,381,206,287,445,792,1108,918,1457,498,398,31.18,23.78,13.44,6.63,6.27,,,,,,,,,,,,,,,,,,,,,,,,,,,,,,,,,,,
12,ACS 2009-2013 Demographic Profiles University District,7.2,7,University District,"University District, Cowen Park, Ravenna",Northeast,957,1.5,18722,635,3.4,22.2,11470,61.3,364,1.9,75,0.4,4871,26,28,0.1,0,0,1034,5.5,880,4.7,7252,38.7,10530,56.2,8192,43.8,5188,1207,23.3,3981,76.7,2.03,5585,5188,92.9,397,7.1,884,17,4304,83,411,1947,96.7,67.8,18413,5482,29.8,1755,9.5,23579,46.8,11.8,10800,6388,59.1,34,0,44,26,85,98,597,0,404050,645,281,166,88,28,82,0,990,3847,159,363,377,260,85,2603,457,9913,8470,1443,8290,14.6,1530,576,514,474,344,773,258,250,96,373,67.66,12.71,19.56,5.84,5.42,,,,,,,,,,,,,,,,,,,,,,,,,,,,,,,,,,,
49,ACS 2009-2013 Demographic Profiles Wallingford,11.2,11,Wallingford,"Wallingford, Meridian, Northlake, University District",Lake Union,810.5,1.27,17016,2023,11.9,31.1,12652,74.4,323,1.9,99,0.6,2266,13.3,57,0.3,0,0,1045,6.1,574,3.4,4364,25.6,16814,98.8,202,1.2,7327,2618,35.7,4709,64.3,2.29,7794,7327,94,467,6,2967,40.5,4360,59.5,738,4175,97.5,72.8,16226,2654,16.4,598,3.7,72996,22.8,6,16954,6261,36.9,6,9,27,62,143,1057,1593,70,520225,2266,854,456,193,204,559,0,1282,4174,477,531,440,455,277,1994,186,11777,11142,635,3349,5.4,843,196,561,569,1025,985,789,935,629,795,47.77,24.67,20.99,9.62,9.04,,,,,,,,,,,,,,,,,,,,,,,,,,,,,,,,,,,
28,ACS 2009-2013 Demographic Profiles Wedgwood View Ridge,7.4,7,Wedgwood,"Wedgwood, View Ridge, Bryant, Matthews Beach",Northeast,1502.6,2.35,15258,3323,21.8,41.2,12252,80.3,158,1,56,0.4,1492,9.8,13,0.1,7,0,744,4.9,536,3.5,3006,19.7,15130,99.2,128,0.8,6245,4040,64.7,2205,35.3,2.42,6551,6245,95.3,306,4.7,4874,78,1371,22,924,3691,98.3,68.5,14343,2413,16.8,630,4.4,93635,5.2,2,15186,1792,11.8,33,0,58,73,219,2177,2028,286,498425,3308,1311,509,460,183,845,21,1357,1298,125,187,216,214,142,414,73,8568,8193,375,3708,4.4,162,97,161,476,739,821,889,1334,749,817,31.9,25.54,10.15,4.36,4.16,,,,,,,,,,,,,,,,,,,,,,,,,,,,,,,,,,,
38,ACS 2009-2013 Demographic Profiles West Seattle Junction Genesee Hill,1.3,1,Genesee,"Seaview, Fairmount Park, Morgan Junction, Genesee Hill, Belvidere, West Seattle Junction, Alaska Junction, Admiral",Southwest,1447.5,2.26,18385,3700,20.1,40.6,15336,83.4,336,1.8,152,0.8,1124,6.1,37,0.2,0,0,718,3.9,682,3.7,3049,16.6,17936,97.6,449,2.4,8380,4295,51.3,4085,48.7,2.14,9039,8380,92.7,659,7.3,4948,59,3432,41,1891,5061,95.6,57,17259,2118,12.3,655,3.8,73101,7.2,3.2,17981,3042,16.9,96,45,65,65,590,2807,1266,14,408566,3868,1444,809,399,348,868,0,1252,3147,281,624,415,561,291,975,285,10533,10121,412,4365,3.9,382,335,431,569,1074,1567,1015,1541,804,662,30.98,22.44,12.7,6.24,5.79,,,,,,,,,,,,,,,,,,,,,,,,,,,,,,,,,,,
23,ACS 2009-2013 Demographic Profiles Whittier Heights,10.2,10,Whittier Heights,"Whittier Heights, Loyal Heights, Crown Hill",Ballard,688.7,1.08,11604,2079,17.9,36.3,10221,88.1,86,0.7,0,0,361,3.1,0,0,17,0.1,368,3.2,551,4.7,1383,11.9,11581,99.8,23,0.2,5643,2647,46.9,2996,53.1,2.05,5718,5643,98.7,75,1.3,2917,51.7,2726,48.3,955,3598,97.4,63.4,10718,1099,10.3,234,2.2,81842,5.2,2.2,11597,1568,13.5,50,0,0,33,247,1775,812,0,434750,2222,624,481,225,312,580,0,1162,2685,407,550,490,311,175,752,41,8001,7558,443,1669,5.5,147,92,304,425,691,1001,954,1255,405,369,28.01,26.1,16.85,8.3,8.19,,,,,,,,,,,,,,,,,,,,,,,,,,,,,,,,,,,
